{
  "project_info": {
    "project_number": "734744478060",
    "project_id": "uber-2ht4ts",
    "storage_bucket": "uber-2ht4ts.appspot.com"
  },
  "client": [
    {
      "client_info": {
        "mobilesdk_app_id": "1:734744478060:android:30816011836fd24e55f349",
        "android_client_info": {
          "package_name": "com.mycompany.reversiblereturn"
        }
      },
      "oauth_client": [],
      "api_key": [
        {
          "current_key": "AIzaSyDkagNB9LVV4ySCIKlOLxB4lhrap94RSsY"
        }
      ],
      "services": {
        "appinvite_service": {
          "other_platform_oauth_client": []
        }
      }
    },
    {
      "client_info": {
        "mobilesdk_app_id": "1:734744478060:android:ff14ed902d6f109555f349",
        "android_client_info": {
          "package_name": "com.mycompany.reversiblydriver"
        }
      },
      "oauth_client": [],
      "api_key": [
        {
          "current_key": "AIzaSyDkagNB9LVV4ySCIKlOLxB4lhrap94RSsY"
        }
      ],
      "services": {
        "appinvite_service": {
          "other_platform_oauth_client": []
        }
      }
    }
  ],
  "configuration_version": "1"
}